[
    {
      "flightId": "PAL123",
      "airline": "Philippine Airlines",
      "departure": "Manila (MNL)",
      "destination": "Cebu (CEB)",
      "departureTime": "2025-04-15T06:30:00",
      "arrivalTime": "2025-04-15T07:50:00",
      "price": 4200.00,
      "seatsAvailable": 150
    },
    {
      "flightId": "5J789",
      "airline": "Cebu Pacific",
      "departure": "Cebu (CEB)",
      "destination": "Davao (DVO)",
      "departureTime": "2025-04-15T11:15:00",
      "arrivalTime": "2025-04-15T12:35:00",
      "price": 3150.00,
      "seatsAvailable": 180
    },
    {
      "flightId": "Z2345",
      "airline": "AirAsia Philippines",
      "departure": "Manila (MNL)",
      "destination": "Clark (CRK)",
      "departureTime": "2025-04-15T09:00:00",
      "arrivalTime": "2025-04-15T09:45:00",
      "price": 2450.00,
      "seatsAvailable": 200
    },
    {
      "flightId": "SJ901",
      "airline": "SkyJet",
      "departure": "Manila (MNL)",
      "destination": "Busuanga (USU)",
      "departureTime": "2025-04-16T07:00:00",
      "arrivalTime": "2025-04-16T08:10:00",
      "price": 5800.00,
      "seatsAvailable": 72
    },
    {
      "flightId": "PAL456",
      "airline": "Philippine Airlines",
      "departure": "Davao (DVO)",
      "destination": "Iloilo (ILO)",
      "departureTime": "2025-04-16T14:20:00",
      "arrivalTime": "2025-04-16T15:50:00",
      "price": 4950.00,
      "seatsAvailable": 120
    },
    {
      "flightId": "5J234",
      "airline": "Cebu Pacific",
      "departure": "Clark (CRK)",
      "destination": "Cagayan de Oro (CGY)",
      "departureTime": "2025-04-17T16:45:00",
      "arrivalTime": "2025-04-17T18:15:00",
      "price": 3650.00,
      "seatsAvailable": 160
    },
    {
      "flightId": "Z2678",
      "airline": "AirAsia Philippines",
      "departure": "Cebu (CEB)",
      "destination": "Puerto Princesa (PPS)",
      "departureTime": "2025-04-18T10:30:00",
      "arrivalTime": "2025-04-18T12:00:00",
      "price": 4100.00,
      "seatsAvailable": 140
    },
    {
      "flightId": "PAL789",
      "airline": "Philippine Airlines",
      "departure": "Manila (MNL)",
      "destination": "Bacolod (BCD)",
      "departureTime": "2025-04-19T13:15:00",
      "arrivalTime": "2025-04-19T14:30:00",
      "price": 3750.00,
      "seatsAvailable": 130
    }
  ]